challenge_id,objection_id,support_status,evidence_considered,analytical_response,conclusion_change,unresolved_concern
CHG-001,OBJ-001,partially_supported,Milestones 4-11 persisted evidence and dashboard interpretation,Current evidence is used to qualify the relevant claim rather than dismiss the challenge.,No final governance conclusion is created.,Operational validation remains required with real local stakeholders and data.
CHG-002,OBJ-002,supported,Milestones 4-11 persisted evidence and dashboard interpretation,Current evidence is used to qualify the relevant claim rather than dismiss the challenge.,No final governance conclusion is created.,Operational validation remains required with real local stakeholders and data.
CHG-003,OBJ-003,supported,Milestones 4-11 persisted evidence and dashboard interpretation,Current evidence is used to qualify the relevant claim rather than dismiss the challenge.,No final governance conclusion is created.,Operational validation remains required with real local stakeholders and data.
CHG-004,OBJ-004,partially_supported,Milestones 4-11 persisted evidence and dashboard interpretation,Current evidence is used to qualify the relevant claim rather than dismiss the challenge.,No final governance conclusion is created.,Operational validation remains required with real local stakeholders and data.
CHG-005,OBJ-005,supported,Milestones 4-11 persisted evidence and dashboard interpretation,Current evidence is used to qualify the relevant claim rather than dismiss the challenge.,No final governance conclusion is created.,Operational validation remains required with real local stakeholders and data.
CHG-006,OBJ-006,partially_supported,Milestones 4-11 persisted evidence and dashboard interpretation,Current evidence is used to qualify the relevant claim rather than dismiss the challenge.,No final governance conclusion is created.,Operational validation remains required with real local stakeholders and data.
CHG-007,OBJ-007,supported,Milestones 4-11 persisted evidence and dashboard interpretation,Current evidence is used to qualify the relevant claim rather than dismiss the challenge.,No final governance conclusion is created.,Operational validation remains required with real local stakeholders and data.
CHG-008,OBJ-008,supported,Milestones 4-11 persisted evidence and dashboard interpretation,Current evidence is used to qualify the relevant claim rather than dismiss the challenge.,Analytical interpretation revised.,Operational validation remains required with real local stakeholders and data.
CHG-009,OBJ-009,partially_supported,Milestones 4-11 persisted evidence and dashboard interpretation,Current evidence is used to qualify the relevant claim rather than dismiss the challenge.,No final governance conclusion is created.,Operational validation remains required with real local stakeholders and data.
CHG-010,OBJ-010,supported,Milestones 4-11 persisted evidence and dashboard interpretation,Current evidence is used to qualify the relevant claim rather than dismiss the challenge.,No final governance conclusion is created.,Operational validation remains required with real local stakeholders and data.
